-- phpMyAdmin SQL Dump
-- version 4.0.4.1
-- http://www.phpmyadmin.net
--
-- ホスト: 127.0.0.1
-- 生成日時: 2014 年 2 月 18 日 09:20
-- サーバのバージョン: 5.5.32
-- PHP のバージョン: 5.4.19

SET SQL_MODE = "NO_AUTO_VALUE_ON_ZERO";
SET time_zone = "+00:00";


/*!40101 SET @OLD_CHARACTER_SET_CLIENT=@@CHARACTER_SET_CLIENT */;
/*!40101 SET @OLD_CHARACTER_SET_RESULTS=@@CHARACTER_SET_RESULTS */;
/*!40101 SET @OLD_COLLATION_CONNECTION=@@COLLATION_CONNECTION */;
/*!40101 SET NAMES utf8 */;

--
-- データベース: `yamabe_system`
--
CREATE DATABASE IF NOT EXISTS `yamabe_system` DEFAULT CHARACTER SET utf8 COLLATE utf8_general_ci;
USE `yamabe_system`;

-- --------------------------------------------------------

--
-- テーブルの構造 `mコード`
--

CREATE TABLE IF NOT EXISTS `mコード` (
  `コードID` int(11) NOT NULL AUTO_INCREMENT,
  `グループ` varchar(100) DEFAULT NULL,
  `名称` varchar(100) DEFAULT NULL,
  `順序` int(11) DEFAULT NULL,
  `備考` text,
  `削除フラグ` varchar(5) DEFAULT NULL,
  `作成ユーザー` int(11) DEFAULT NULL,
  `最終更新ユーザー` int(11) DEFAULT NULL,
  `作成日時` datetime NOT NULL,
  `最終更新日時` datetime NOT NULL,
  PRIMARY KEY (`コードID`)
) ENGINE=InnoDB  DEFAULT CHARSET=utf8 AUTO_INCREMENT=2060 ;

--
-- テーブルのデータのダンプ `mコード`
--

INSERT INTO `mコード` (`コードID`, `グループ`, `名称`, `順序`, `備考`, `削除フラグ`, `作成ユーザー`, `最終更新ユーザー`, `作成日時`, `最終更新日時`) VALUES
(1, '材質大分類', '樹脂', 40, NULL, 'False', 1, 1, '2014-01-29 17:12:41', '2014-01-29 17:12:41'),
(2, '材質大分類', 'ガラス', 10, NULL, 'False', 1, 1, '2014-01-29 17:12:41', '2014-01-29 17:12:41'),
(3, '材質大分類', 'ゴム', 50, NULL, 'False', 1, 1, '2014-01-29 17:12:41', '2014-01-29 17:12:41'),
(4, '材質大分類', 'セラミック', 30, NULL, 'False', 1, 1, '2014-01-29 17:12:41', '2014-01-29 17:12:41'),
(5, '材質大分類', 'ロックウール', 20, NULL, 'False', 1, 1, '2014-01-29 17:12:41', '2014-01-29 17:12:41'),
(1000, '材質', '-', 0, NULL, 'False', 1, 6, '2014-01-29 17:12:41', '2014-02-18 10:16:13'),
(1001, '材質', 'ロックウール', 20, NULL, 'False', 1, 1, '2014-01-29 17:12:41', '2014-01-29 17:12:41'),
(1002, '材質', 'PE', 50, NULL, 'False', 1, 1, '2014-01-29 17:12:41', '2014-01-29 17:12:41'),
(1003, '材質', 'EPDM', 100, NULL, 'False', 1, 1, '2014-01-29 17:12:41', '2014-01-29 17:12:41'),
(1004, '材質', 'ガラス', 10, NULL, 'False', 1, 1, '2014-01-29 17:12:41', '2014-01-29 17:12:41'),
(1005, '材質', 'セラミック', 30, NULL, 'False', 1, 1, '2014-01-29 17:12:41', '2014-01-29 17:12:41'),
(2001, '規格番号向け材質', '-', 0, NULL, 'False', 1, 1, '2014-01-29 17:12:41', '2014-01-29 17:12:41'),
(2002, '規格番号向け材質', 'ガラス繊維・ロックウール繊維', 10, NULL, 'False', 1, 1, '2014-01-29 17:12:41', '2014-01-29 17:12:41'),
(2003, '規格番号向け材質', 'ガラス繊維マット', 11, NULL, 'False', 1, 1, '2014-01-29 17:12:41', '2014-01-29 17:12:41'),
(2004, '規格番号向け材質', 'ゴアテックス', 12, NULL, 'False', 1, 1, '2014-01-29 17:12:41', '2014-01-29 17:12:41'),
(2005, '規格番号向け材質', 'コルクラバーシート', 13, NULL, 'False', 1, 1, '2014-01-29 17:12:41', '2014-01-29 17:12:41'),
(2006, '規格番号向け材質', 'シリコーンワニスガラスチューブ', 14, NULL, 'False', 1, 1, '2014-01-29 17:12:41', '2014-01-29 17:12:41'),
(2007, '規格番号向け材質', 'シリコンスポンジ', 15, NULL, 'False', 1, 1, '2014-01-29 17:12:41', '2014-01-29 17:12:41'),
(2008, '規格番号向け材質', 'セラミック・ガラス混綿マット', 16, NULL, 'False', 1, 1, '2014-01-29 17:12:41', '2014-01-29 17:12:41'),
(2009, '規格番号向け材質', 'セラミック繊維マット', 17, NULL, 'False', 1, 1, '2014-01-29 17:12:41', '2014-01-29 17:12:41'),
(2010, '規格番号向け材質', 'ポリエステル系不織布', 18, NULL, 'False', 1, 1, '2014-01-29 17:12:41', '2014-01-29 17:12:41'),
(2011, '規格番号向け材質', 'ポリエステル繊維', 19, NULL, 'False', 1, 1, '2014-01-29 17:12:41', '2014-01-29 17:12:41'),
(2012, '規格番号向け材質', 'ポリ塩化ビニール発泡シール', 20, NULL, 'False', 1, 1, '2014-01-29 17:12:41', '2014-01-29 17:12:41'),
(2013, '規格番号向け材質', 'マグロール', 21, NULL, 'False', 1, 1, '2014-01-29 17:12:41', '2014-01-29 17:12:41'),
(2014, '規格番号向け材質', 'ロックウール繊維ボード', 22, NULL, 'False', 1, 1, '2014-01-29 17:12:41', '2014-01-29 17:12:41'),
(2015, '規格番号向け材質', 'ロックウール繊維マット', 23, NULL, 'False', 1, 1, '2014-01-29 17:12:41', '2014-01-29 17:12:41'),
(2016, '規格番号向け材質', '計量キャスタブル', 24, NULL, 'False', 1, 1, '2014-01-29 17:12:41', '2014-01-29 17:12:41'),
(2017, '規格番号向け材質', '高発泡ポリエチレン', 25, NULL, 'False', 1, 1, '2014-01-29 17:12:41', '2014-01-29 17:12:41'),
(2018, '規格番号向け材質', '長繊維ガラスマット', 26, NULL, 'False', 1, 1, '2014-01-29 17:12:41', '2014-01-29 17:12:41'),
(2019, '規格番号向け材質', '抵抗溶接用電極材料クローム銅', 27, NULL, 'False', 1, 1, '2014-01-29 17:12:41', '2014-01-29 17:12:41'),
(2020, '規格番号向け材質', '電子線架橋ポリエチレンフォーム', 28, NULL, 'False', 1, 1, '2014-01-29 17:12:41', '2014-01-29 17:12:41'),
(2021, '規格番号向け材質', 'ポリカーボネートシート', 29, NULL, 'False', 1, 1, '2014-01-29 17:12:42', '2014-01-29 17:12:42'),
(2022, '規格番号向け材質', '高発泡ポリオレフィンフォーム', 30, NULL, 'False', 1, 1, '2014-01-29 17:12:42', '2014-01-29 17:12:42'),
(2023, '規格番号向け材質', '変性ポリフェニレンエーテル (PPE)', 31, NULL, 'False', 1, 1, '2014-01-29 17:12:42', '2014-01-29 17:12:42'),
(2024, '規格番号向け材質', 'EPDM系発泡シール', 32, NULL, 'False', 1, 1, '2014-01-29 17:12:42', '2014-01-29 17:12:42'),
(2025, '規格番号向け材質', 'PET', 33, NULL, 'False', 1, 1, '2014-01-29 17:12:42', '2014-01-29 17:12:42'),
(2026, '規格番号向け材質', '架橋高発泡ポリエチレン', 34, NULL, 'False', 1, 1, '2014-01-29 17:12:42', '2014-01-29 17:12:42'),
(2027, '規格番号向け材質', 'シリコンスポンジ', 35, NULL, 'False', 1, 1, '2014-01-29 17:12:42', '2014-01-29 17:12:42'),
(2028, '規格番号向け材質', 'ポリカーボネート(PVC)', 36, NULL, 'False', 1, 1, '2014-01-29 17:12:42', '2014-01-29 17:12:42'),
(2029, '規格番号向け材質', 'EPDM混和物', 37, NULL, 'False', 1, 1, '2014-01-29 17:12:42', '2014-01-29 17:12:42'),
(2030, '規格番号向け材質', 'エチレン/プロピレン/ジエン', 38, NULL, 'False', 1, 1, '2014-01-29 17:12:42', '2014-01-29 17:12:42'),
(2031, '規格番号向け材質', 'シリコンフォーム', 39, NULL, 'False', 1, 1, '2014-01-29 17:12:42', '2014-01-29 17:12:42'),
(2032, '規格番号向け材質', 'カチオン粘着塗装', 40, NULL, 'False', 1, 1, '2014-01-29 17:12:42', '2014-01-29 17:12:42'),
(2033, '規格番号向け材質', '熱硬化性型アクリル樹脂塗装', 41, NULL, 'False', 1, 1, '2014-01-29 17:12:42', '2014-01-29 17:12:42'),
(2034, '規格番号向け材質', '耐熱塗料', 42, NULL, 'False', 1, 1, '2014-01-29 17:12:42', '2014-01-29 17:12:42'),
(2035, '規格番号向け材質', '候耐光性ポリエステル系紛体塗料', 43, NULL, 'False', 1, 1, '2014-01-29 17:12:42', '2014-01-29 17:12:42'),
(2036, '規格番号向け材質', '機器内部ラベル生地', 44, NULL, 'False', 1, 1, '2014-01-29 17:12:42', '2014-01-29 17:12:42'),
(2037, '規格番号向け材質', 'ラベル生地', 45, NULL, 'False', 1, 1, '2014-01-29 17:12:42', '2014-01-29 17:12:42'),
(2038, '規格番号向け材質', 'ポリ塩化ビニール（PVC）', 46, NULL, 'False', 1, 1, '2014-01-29 17:12:42', '2014-01-29 17:12:42'),
(2039, '規格番号向け材質', '二軸延伸ポリエステル（ポリエチレンテレフタレート、PET)', 47, NULL, 'False', 1, 1, '2014-01-29 17:12:42', '2014-01-29 17:12:42'),
(2040, '規格番号向け材質', '特殊PPE系（ポリフェニレンエーテル）', 48, NULL, 'False', 1, 1, '2014-01-29 17:12:42', '2014-01-29 17:12:42'),
(2041, '材質大分類', '-', 0, NULL, 'False', 1, 1, '2014-01-29 17:12:41', '2014-01-29 17:12:41'),
(2042, '材質', 'PPE変形', 60, NULL, 'False', 6, 6, '2014-02-10 16:41:21', '2014-02-10 16:41:33'),
(2043, '材質', 'PC', 70, NULL, 'False', 6, 6, '2014-02-10 16:43:17', '2014-02-10 16:43:21'),
(2044, '難燃', '有', 1, NULL, 'False', 0, 0, '2014-02-14 13:28:54', '2014-02-14 14:11:19'),
(2045, '難燃', 'V-0', 12, NULL, 'False', 0, 0, '2014-02-14 13:29:14', '2014-02-14 13:31:50'),
(2046, '難燃', 'V-1', 13, NULL, 'False', 0, 0, '2014-02-14 13:31:52', '2014-02-14 13:31:56'),
(2047, '難燃', 'V-2', 14, NULL, 'False', 0, 0, '2014-02-14 13:31:57', '2014-02-14 13:32:00'),
(2048, '難燃', 'VTM-0', 16, NULL, 'False', 0, 0, '2014-02-14 13:32:15', '2014-02-14 13:32:21'),
(2049, '難燃', 'VTM-1', 17, NULL, 'False', 0, 0, '2014-02-14 13:32:22', '2014-02-14 13:32:25'),
(2050, '難燃', 'VTM-2', 18, NULL, 'False', 0, 0, '2014-02-14 13:32:25', '2014-02-14 13:32:28'),
(2051, '難燃', 'HB', 15, NULL, 'False', 0, 0, '2014-02-14 13:33:56', '2014-02-14 13:34:02'),
(2052, '難燃', 'VB', 11, NULL, 'False', 0, 0, '2014-02-14 13:34:10', '2014-02-14 13:34:13'),
(2053, '難燃', 'VA', 10, NULL, 'False', 0, 0, '2014-02-14 13:34:16', '2014-02-14 13:34:20'),
(2054, '難燃', '不燃', 100, NULL, 'False', 0, 0, '2014-02-14 13:34:43', '2014-02-14 14:09:07'),
(2055, '難燃', 'HF-1', 19, NULL, 'False', 0, 0, '2014-02-14 13:34:52', '2014-02-14 13:35:02'),
(2056, '難燃', '無', 2, NULL, 'False', 0, 0, '2014-02-14 13:38:12', '2014-02-14 13:38:25'),
(2057, '難燃', '不明', 0, NULL, 'False', 0, 0, '2014-02-14 13:38:32', '2014-02-14 13:38:38'),
(2058, '難燃', 'HF-2', 20, NULL, 'False', 0, 0, '2014-02-14 13:34:52', '2014-02-14 13:35:02'),
(2059, '難燃', '無', 2, NULL, 'True', 0, 0, '2014-02-14 14:07:50', '2014-02-14 14:07:50');

-- --------------------------------------------------------

--
-- テーブルの構造 `mユーザー`
--

CREATE TABLE IF NOT EXISTS `mユーザー` (
  `ユーザーID` int(11) NOT NULL AUTO_INCREMENT,
  `ユーザー名` varchar(100) DEFAULT NULL,
  `パスワード` varchar(100) DEFAULT NULL,
  `ホスト名` varchar(100) DEFAULT NULL,
  `備考` text,
  `削除フラグ` varchar(5) DEFAULT NULL,
  `作成ユーザー` int(11) DEFAULT NULL,
  `最終更新ユーザー` int(11) DEFAULT NULL,
  `作成日時` datetime NOT NULL,
  `最終更新日時` datetime NOT NULL,
  PRIMARY KEY (`ユーザーID`)
) ENGINE=InnoDB  DEFAULT CHARSET=utf8 AUTO_INCREMENT=29 ;

--
-- テーブルのデータのダンプ `mユーザー`
--

INSERT INTO `mユーザー` (`ユーザーID`, `ユーザー名`, `パスワード`, `ホスト名`, `備考`, `削除フラグ`, `作成ユーザー`, `最終更新ユーザー`, `作成日時`, `最終更新日時`) VALUES
(0, '{null}', 'yamae', NULL, NULL, 'False', 1, 0, '2014-01-29 09:26:34', '2014-01-29 16:44:05'),
(1, '管理者', 'yamae', NULL, NULL, 'False', 1, 1, '2014-01-29 09:26:34', '2014-01-29 09:26:34'),
(2, '金森', '0000', NULL, NULL, 'False', 1, 1, '2014-01-28 09:26:34', '2014-01-28 09:26:34'),
(3, '東條', '0000', NULL, NULL, 'False', 1, 1, '2014-01-28 09:26:34', '2014-01-28 09:26:34'),
(4, '竹田', '0000', NULL, NULL, 'False', 1, 1, '2014-01-28 09:26:34', '2014-01-28 09:26:34'),
(5, '増本', '0000', NULL, NULL, 'False', 1, 1, '2014-01-28 09:26:34', '2014-01-28 09:26:34'),
(6, '山辺', '0000', 'yamabe-pc', NULL, 'False', 1, 1, '2014-01-28 09:26:34', '2014-01-28 09:26:34'),
(7, '細川', '0000', NULL, NULL, 'False', 1, 1, '2014-01-28 09:26:34', '2014-01-28 09:26:34'),
(8, '栗山', '0000', NULL, NULL, 'False', 1, 1, '2014-01-28 09:26:34', '2014-01-28 09:26:34'),
(9, '今井', '0000', NULL, NULL, 'False', 1, 1, '2014-01-28 09:26:34', '2014-01-28 09:26:34'),
(10, '大矢', '0000', NULL, NULL, 'False', 1, 1, '2014-01-28 09:26:34', '2014-01-28 09:26:34');

-- --------------------------------------------------------

--
-- テーブルの構造 `m会社`
--

CREATE TABLE IF NOT EXISTS `m会社` (
  `会社ID` int(11) NOT NULL AUTO_INCREMENT,
  `会社名称` varchar(100) DEFAULT NULL,
  `得意先` varchar(5) DEFAULT NULL,
  `仕入れ先` varchar(5) DEFAULT NULL,
  `材料メーカー` varchar(5) DEFAULT NULL,
  `取引有無` varchar(5) DEFAULT NULL,
  `備考` text,
  `削除フラグ` varchar(5) DEFAULT NULL,
  `作成ユーザー` int(11) DEFAULT NULL,
  `最終更新ユーザー` int(11) DEFAULT NULL,
  `作成日時` datetime NOT NULL,
  `最終更新日時` datetime NOT NULL,
  PRIMARY KEY (`会社ID`)
) ENGINE=InnoDB  DEFAULT CHARSET=utf8 AUTO_INCREMENT=10000 ;

--
-- テーブルのデータのダンプ `m会社`
--

INSERT INTO `m会社` (`会社ID`, `会社名称`, `得意先`, `仕入れ先`, `材料メーカー`, `取引有無`, `備考`, `削除フラグ`, `作成ユーザー`, `最終更新ユーザー`, `作成日時`, `最終更新日時`) VALUES
(1, '㈱　山恵', 'False', 'False', 'False', 'True', NULL, 'False', 1, 0, '2014-01-29 15:55:29', '2014-01-29 16:43:00'),
(2, '㈱　ノーリツ', 'True', 'False', 'False', 'True', NULL, 'False', 1, 1, '2014-01-29 15:55:29', '2014-01-29 15:55:29'),
(3, '大和理研工業㈱', 'False', 'True', 'True', 'True', NULL, 'False', 1, 1, '2014-01-29 15:55:29', '2014-01-29 15:55:29'),
(4, '㈱　富士パッキング工業所', 'False', 'True', 'False', 'True', NULL, 'False', 1, 1, '2014-01-29 15:55:29', '2014-01-29 15:55:29'),
(5, '日星電気', 'False', 'True', 'True', 'True', NULL, 'False', 1, 1, '2014-01-29 15:55:29', '2014-01-29 15:55:29'),
(6, '大和工業所', 'False', 'True', 'True', 'True', NULL, 'False', 1, 1, '2014-01-29 15:55:29', '2014-01-29 15:55:29'),
(7, '旭ファイバーグラス', 'False', 'False', 'True', 'True', NULL, 'False', 1, 1, '2014-01-29 15:55:29', '2014-01-29 15:55:29'),
(8, 'イビデン', 'False', 'True', 'True', 'True', NULL, 'False', 1, 1, '2014-01-29 15:55:29', '2014-01-29 15:55:29'),
(9, 'イソライト', 'False', 'True', 'True', 'True', NULL, 'False', 1, 1, '2014-01-29 15:55:29', '2014-01-29 15:55:29'),
(10, '浜松ガスケット', 'False', 'True', 'True', 'True', NULL, 'False', 1, 1, '2014-01-29 15:55:29', '2014-01-29 15:55:29'),
(11, 'サンゴバン', 'False', 'False', 'True', 'True', NULL, 'False', 1, 1, '2014-01-29 15:55:29', '2014-01-29 15:55:29'),
(12, '積水化学工業㈱、アトラック㈱', 'False', 'False', 'True', 'True', NULL, 'False', 1, 1, '2014-01-29 15:55:29', '2014-01-29 15:55:29'),
(13, '積水化学工業㈱', 'False', 'False', 'True', 'True', NULL, 'False', 1, 1, '2014-01-29 15:55:29', '2014-01-29 15:55:29'),
(14, '信越ファインテック', 'False', 'False', 'True', 'True', NULL, 'False', 1, 1, '2014-01-29 15:55:29', '2014-01-29 15:55:29'),
(15, 'イノアック', 'False', 'False', 'True', 'True', NULL, 'False', 1, 1, '2014-01-29 15:55:29', '2014-01-29 15:55:29'),
(16, 'ダイワボウ', 'False', 'False', 'True', 'True', NULL, 'False', 1, 1, '2014-01-29 15:55:29', '2014-01-29 15:55:29'),
(17, 'ジャパンゴアテックス㈱', 'False', 'False', 'True', 'True', NULL, 'False', 1, 1, '2014-01-29 15:55:29', '2014-01-29 15:55:29'),
(18, 'KDK', 'False', 'True', 'False', 'False', NULL, 'False', 1, 1, '2014-01-29 15:55:29', '2014-01-29 15:55:29'),
(19, '日本グラスファイバー工業㈱', 'False', 'False', 'True', 'False', NULL, 'False', 1, 1, '2014-01-29 15:55:29', '2014-01-29 15:55:29'),
(20, 'エル日昌', 'False', 'True', 'False', 'False', NULL, 'False', 1, 1, '2014-01-29 15:55:29', '2014-01-29 15:55:29'),
(21, 'オキツモ㈱', 'False', 'False', 'True', 'False', NULL, 'False', 1, 1, '2014-01-29 15:55:29', '2014-01-29 15:55:29'),
(22, 'サンゴバン', 'False', 'False', 'True', 'True', NULL, 'False', 1, 1, '2014-01-29 15:55:29', '2014-01-29 15:55:29'),
(23, 'サンスター技研（株）', 'False', 'False', 'True', 'False', NULL, 'False', 1, 1, '2014-01-29 15:55:29', '2014-01-29 15:55:29'),
(24, 'サンデルタ㈱', 'False', 'False', 'True', 'False', NULL, 'False', 1, 1, '2014-01-29 15:55:29', '2014-01-29 15:55:29'),
(25, 'ジャパンゴアテックス㈱', 'False', 'False', 'True', 'True', NULL, 'False', 1, 1, '2014-01-29 15:55:29', '2014-01-29 15:55:29'),
(26, 'スミトモベークライト', 'False', 'False', 'True', 'False', NULL, 'False', 1, 1, '2014-01-29 15:55:29', '2014-01-29 15:55:29'),
(27, 'ニチアス', 'False', 'False', 'True', 'False', NULL, 'False', 1, 1, '2014-01-29 15:55:29', '2014-01-29 15:55:29'),
(28, 'マグ製', 'False', 'False', 'True', 'False', NULL, 'False', 1, 1, '2014-01-29 15:55:29', '2014-01-29 15:55:29'),
(29, 'マルウ接着㈱', 'False', 'False', 'True', 'False', NULL, 'False', 1, 1, '2014-01-29 15:55:29', '2014-01-29 15:55:29'),
(30, 'ロックペイント、アクゾノベル', 'False', 'False', 'True', 'False', NULL, 'False', 1, 1, '2014-01-29 15:55:29', '2014-01-29 15:55:29'),
(31, 'ロックペイント㈱', 'False', 'False', 'True', 'False', NULL, 'False', 1, 1, '2014-01-29 15:55:29', '2014-01-29 15:55:29'),
(32, '㈱ユポ', 'False', 'False', 'True', 'False', NULL, 'False', 1, 1, '2014-01-29 15:55:29', '2014-01-29 15:55:29'),
(33, '関西ペイント㈱', 'False', 'False', 'True', 'False', NULL, 'False', 1, 1, '2014-01-29 15:55:29', '2014-01-29 15:55:29'),
(34, '古河電工', 'False', 'False', 'True', 'False', NULL, 'False', 1, 1, '2014-01-29 15:55:29', '2014-01-29 15:55:29'),
(35, '呉羽テック㈱', 'False', 'False', 'True', 'False', NULL, 'False', 1, 1, '2014-01-29 15:55:29', '2014-01-29 15:55:29'),
(36, '三菱ガス化学', 'False', 'False', 'True', 'False', NULL, 'False', 1, 1, '2014-01-29 15:55:29', '2014-01-29 15:55:29'),
(37, '三菱マテリアルシーエムアイ㈱', 'False', 'False', 'True', 'False', NULL, 'False', 1, 1, '2014-01-29 15:55:29', '2014-01-29 15:55:29'),
(38, '住友ベークライト', 'False', 'False', 'True', 'False', NULL, 'False', 1, 1, '2014-01-29 15:55:29', '2014-01-29 15:55:29'),
(39, '神東塗料㈱', 'False', 'False', 'True', 'False', NULL, 'False', 1, 1, '2014-01-29 15:55:29', '2014-01-29 15:55:29'),
(40, '第一電子', 'False', 'False', 'True', 'False', NULL, 'False', 1, 1, '2014-01-29 15:55:29', '2014-01-29 15:55:29'),
(41, '東レ', 'False', 'False', 'True', 'False', NULL, 'False', 1, 1, '2014-01-29 15:55:29', '2014-01-29 15:55:29'),
(42, '内山工業㈱', 'False', 'False', 'True', 'False', NULL, 'False', 1, 1, '2014-01-29 15:55:29', '2014-01-29 15:55:29'),
(43, '日星電気', 'False', 'False', 'True', 'False', NULL, 'False', 1, 1, '2014-01-29 15:55:29', '2014-01-29 15:55:29'),
(44, '日東', 'False', 'False', 'True', 'False', NULL, 'False', 1, 1, '2014-01-29 15:55:29', '2014-01-29 15:55:29'),
(45, '日東紡績㈱', 'False', 'False', 'True', 'False', NULL, 'False', 1, 1, '2014-01-29 15:55:29', '2014-01-29 15:55:29'),
(46, '日本プライブリコ㈱', 'False', 'False', 'True', 'False', NULL, 'False', 1, 1, '2014-01-29 15:55:29', '2014-01-29 15:55:29'),
(47, '日本ペイント㈱', 'False', 'False', 'True', 'False', NULL, 'False', 1, 6, '2014-01-29 15:55:29', '2014-02-18 10:18:53'),
(48, '淀川ヒューテック', 'False', 'False', 'True', 'False', NULL, 'False', 1, 1, '2014-01-29 15:55:29', '2014-01-29 15:55:29'),
(49, '富士パッキング？', 'False', 'True', 'False', 'False', NULL, 'False', 1, 1, '2014-01-29 15:55:29', '2014-01-29 15:55:29'),
(9998, '？', 'False', 'True', 'True', 'False', NULL, 'False', 1, 1, '2014-01-29 15:55:29', '2014-01-29 15:55:29'),
(9999, '-', 'False', 'True', 'True', 'False', NULL, 'False', 1, 1, '2014-01-29 15:55:29', '2014-01-29 15:55:29');

-- --------------------------------------------------------

--
-- テーブルの構造 `m材料価格`
--

CREATE TABLE IF NOT EXISTS `m材料価格` (
  `材料ID` int(11) NOT NULL AUTO_INCREMENT,
  `材料属性ID` int(11) DEFAULT NULL,
  `材料名称` varchar(100) DEFAULT NULL,
  `材料メーカー` int(11) DEFAULT NULL,
  `材質大分類` varchar(100) DEFAULT NULL,
  `材質` varchar(100) DEFAULT NULL,
  `定尺寸法縦` double DEFAULT NULL,
  `定尺寸法横` double DEFAULT NULL,
  `厚み` double DEFAULT NULL,
  `密度` double DEFAULT NULL,
  `定尺仕入金額` double DEFAULT NULL,
  `m2あたり材料費` double DEFAULT NULL,
  `定尺売り金額` double DEFAULT NULL,
  `利益率` double DEFAULT NULL,
  `備考` text,
  `有効フラグ` varchar(5) DEFAULT NULL,
  `削除フラグ` varchar(5) DEFAULT NULL,
  `作成ユーザー` int(11) DEFAULT NULL,
  `最終更新ユーザー` int(11) DEFAULT NULL,
  `作成日時` datetime NOT NULL,
  `最終更新日時` datetime NOT NULL,
  PRIMARY KEY (`材料ID`)
) ENGINE=InnoDB  DEFAULT CHARSET=utf8 AUTO_INCREMENT=76 ;

--
-- テーブルのデータのダンプ `m材料価格`
--

INSERT INTO `m材料価格` (`材料ID`, `材料属性ID`, `材料名称`, `材料メーカー`, `材質大分類`, `材質`, `定尺寸法縦`, `定尺寸法横`, `厚み`, `密度`, `定尺仕入金額`, `m2あたり材料費`, `定尺売り金額`, `利益率`, `備考`, `有効フラグ`, `削除フラグ`, `作成ユーザー`, `最終更新ユーザー`, `作成日時`, `最終更新日時`) VALUES
(0, NULL, '{不明}', 9999, '2041', '1000', 0, 0, 0, 0, 0, 0, 0, 0, NULL, 'True', 'False', 1, 0, '2014-02-07 02:27:41', '2014-02-07 15:06:54'),
(1, 27, 'YS-P', 3, '4', '1005', 1000, 1000, 2, 200, 1050, 1050, 1320, 25.71, NULL, 'True', 'False', 1, 0, '2014-02-07 02:27:58', '2014-02-14 14:21:00'),
(2, 27, 'YS-P', 3, '4', '1005', 1000, 1000, 3, 0, 1575, 1575, 1970, 25.08, NULL, 'True', 'False', 1, 0, '2014-02-07 02:27:58', '2014-02-14 14:21:08'),
(3, 27, 'YS-P', 3, '4', '1005', 1000, 1000, 5, 0, 2850, 2850, 3560, 24.91, NULL, 'True', 'False', 1, 0, '2014-02-07 02:27:58', '2014-02-07 16:31:25'),
(4, 18, 'YS-C', 3, '2', '1004', 1000, 1000, 3, 0, 1170, 1170, 1470, 25.64, NULL, 'True', 'False', 1, 0, '2014-02-07 02:27:58', '2014-02-14 14:21:17'),
(5, 18, 'YS-C', 3, '2', '1004', 1000, 1000, 5, 0, 1605, 1605, 2000, 24.61, NULL, 'True', 'False', 1, 0, '2014-02-07 02:27:58', '2014-02-14 14:21:31'),
(6, 17, 'YS-E', 3, '2', '1004', 1000, 1000, 5, 0, 400, 400, 500, 25, NULL, 'True', 'False', 1, 0, '2014-02-07 02:27:58', '2014-02-14 14:21:44'),
(7, 17, 'YS-E', 3, '2', '1004', 1000, 1000, 10, 0, 500, 500, 630, 26, NULL, 'True', 'False', 1, 0, '2014-02-07 02:27:58', '2014-02-14 14:21:48'),
(8, 19, 'YS-H', 3, '2', '1004', 1000, 1000, 3, 0, 675, 675, 850, 25.93, NULL, 'True', 'False', 1, 0, '2014-02-07 02:27:58', '2014-02-14 14:53:56'),
(9, 19, 'YS-H', 3, '2', '1004', 1000, 1000, 5, 0, 765, 765, 960, 25.49, NULL, 'True', 'False', 1, 0, '2014-02-07 02:27:58', '2014-02-14 14:54:05'),
(10, 20, 'YS-P（R）', 3, '5', '1001', 1000, 1000, 2, 0, 450, 450, 570, 26.67, NULL, 'True', 'False', 1, 0, '2014-02-07 02:27:58', '2014-02-14 14:59:15'),
(11, 20, 'YS-P（R）', 3, '5', '1001', 1000, 1000, 3, 0, 683, 683, 860, 25.92, NULL, 'True', 'False', 1, 0, '2014-02-07 02:27:58', '2014-02-07 16:31:29'),
(12, 20, 'YS-P（R）', 3, '5', '1001', 1000, 1000, 4, 0, 1148, 1148, 1440, 25.44, NULL, 'True', 'False', 1, 0, '2014-02-07 02:27:58', '2014-02-14 14:18:58'),
(13, 21, 'YS-P（R）M', 3, '5', '1001', 1000, 1000, 3, 0, 0, 0, 0, 0, NULL, 'True', 'False', 1, 6, '2014-02-07 02:27:58', '2014-02-18 10:36:03'),
(14, 22, 'YS-PMM', 3, '4', '1005', 1000, 1000, 2, 0, 675, 675, 850, 25.93, NULL, 'True', 'False', 1, 0, '2014-02-07 02:27:58', '2014-02-14 14:19:13'),
(15, 22, 'YS-PMM', 3, '4', '1005', 1000, 1000, 3, 0, 975, 975, 1220, 25.13, NULL, 'True', 'False', 1, 0, '2014-02-07 02:27:58', '2014-02-14 14:19:22'),
(16, 22, 'YS-PMM', 3, '4', '1005', 1000, 1000, 5, 0, 1680, 1680, 2100, 25, NULL, 'True', 'False', 1, 0, '2014-02-07 02:27:58', '2014-02-14 14:19:29'),
(17, 23, 'SGM', 3, '2', '1004', 1000, 1000, 5, 0, 300, 300, 380, 26.67, NULL, 'True', 'False', 1, 0, '2014-02-07 02:27:58', '2014-02-14 14:18:49'),
(18, 23, 'SGM', 3, '2', '1004', 1000, 1000, 10, 0, 600, 600, 750, 25, NULL, 'True', 'False', 1, 0, '2014-02-07 02:27:58', '2014-02-14 14:19:42'),
(19, 24, 'RGM', 3, '5', '1001', 1000, 1000, 5, 0, 360, 360, 450, 25, NULL, 'True', 'False', 1, 0, '2014-02-07 02:27:58', '2014-02-14 14:19:51'),
(20, 24, 'RGM', 3, '5', '1001', 1000, 1000, 10, 0, 720, 720, 900, 25, NULL, 'True', 'False', 1, 0, '2014-02-07 02:27:58', '2014-02-14 14:19:59'),
(21, NULL, 'GR-48', 3, '2', '1004', 1000, 2000, 10, NULL, 270, 135, 340, 25.93, NULL, 'True', 'False', 1, 1, '2014-02-07 14:27:58', '2014-02-07 14:27:58'),
(22, 25, 'ソフトロンFR(ND)', 13, '1', '1002', 1000, 200000, 2, 0, 27278, 136.39, 0, 0, NULL, 'True', 'False', 1, 0, '2014-02-07 02:27:58', '2014-02-07 16:16:56'),
(23, 26, 'ソフトロンNF-FR(和紙粘着）', 13, '1', '1002', 1320, 710, 2, 0, 558, 595.39, 0, -100, NULL, 'True', 'False', 1, 0, '2014-02-07 02:27:58', '2014-02-14 14:20:43'),
(24, 26, 'ソフトロンNF-FR(和紙粘着）', 13, '1', '1002', 1320, 1000, 2, 0, 613, 464.39, 0, -100, NULL, 'True', 'False', 1, 0, '2014-02-07 02:27:58', '2014-02-14 14:59:49'),
(25, 26, 'ソフトロンNF-FR(和紙粘着）', 13, '1', '1002', 600, 1000, 2, 0, 280, 466.67, 0, -100, NULL, 'True', 'False', 1, 0, '2014-02-07 02:27:58', '2014-02-14 14:24:51'),
(26, 2, 'フォームエース SN40K4', 34, '1', '1002', 600, 1000, 3, 0, 280, 466.67, 0, 0, NULL, 'True', 'False', 1, 0, '2014-02-07 02:27:58', '2014-02-07 16:13:52'),
(27, 2, '難燃スリムエース 粘着付', 34, '1', '1002', 75, 40000, 3, 0, 2166, 722, 2680, 23.73, NULL, 'True', 'False', 1, 0, '2014-02-07 02:27:58', '2014-02-07 16:30:41'),
(28, 2, '難燃スリムエース 粘着付', 34, '1', '1002', 85, 40000, 3, 0, 2370, 697.06, 4000, 68.78, NULL, 'True', 'False', 1, 0, '2014-02-07 02:27:58', '2014-02-07 16:31:00'),
(29, 2, 'フォームエースSN40 K4', 34, '1', '1002', 1060, 150000, 3, 0, 12000, 75.47, 14250, 18.75, NULL, 'True', 'False', 1, 0, '2014-02-07 02:27:58', '2014-02-07 16:31:04'),
(30, 2, 'フォームエース NB3000K4', 34, '1', '1002', 1000, 10, 8, 0, 304, 30400, 365, 20.07, NULL, 'True', 'False', 0, 0, '2014-02-07 04:25:41', '2014-02-07 16:31:07'),
(31, 28, 'サンモルフィーVS120(白)', 24, '1', '2043', 600, 200000, 0.3, 0, 83460, 695.5, 0, -100, NULL, 'True', 'False', 6, 0, '2014-02-10 04:43:35', '2014-02-14 15:49:34'),
(38, 29, 'GS8001（黒）', 38, '1', '2042', 1000, 100000, 0.3, 0, 50400, 504, 0, -100, NULL, 'True', 'False', 6, 0, '2014-02-10 04:45:53', '2014-02-14 15:13:54'),
(39, 31, 'イソウールペーパーS', 9, '4', '1005', 30000, 600, 1, 0, 9000, 500, 0, -100, NULL, 'True', 'False', 0, 6, '2014-02-14 05:25:45', '2014-02-18 10:31:56'),
(40, 31, 'イソウールペーパーS', 9, '4', '1005', 1000, 600, 6, 0, 1590, 2650, 0, -100, NULL, 'True', 'False', 0, 6, '2014-02-14 05:32:48', '2014-02-18 10:31:56'),
(71, 31, 'イソウールペーパーS', 9, '4', '1005', 1000, 600, 6, 0, 1590, 2650, 0, -100, NULL, 'True', 'False', 0, 6, '2014-02-18 09:22:14', '2014-02-18 10:31:56'),
(72, 32, 'インサルフラックスSペーパー', 9, '4', '1005', 25000, 610, 4, 0, 36750, 2409.84, 40500, 10.2, NULL, 'True', 'False', 0, 6, '2014-02-18 09:23:12', '2014-02-18 10:32:21'),
(73, 31, 'イソフラックスペーパー', 9, '4', '1005', 25000, 610, 4, 0, 41000, 2688.52, 0, -100, NULL, 'True', 'False', 0, 6, '2014-02-18 09:24:30', '2014-02-18 10:32:16'),
(74, 31, 'イソフラックスペーパー', 9, '4', '1005', 15000, 610, 6, 0, 36750, 4016.39, 0, -100, NULL, 'True', 'False', 0, 6, '2014-02-18 09:27:47', '2014-02-18 10:32:16'),
(75, 32, 'インサルフラックスSペーパー', 9, '4', '1005', 15000, 610, 6, 0, 33150, 3622.95, 36500, 10.11, NULL, 'True', 'False', 0, 6, '2014-02-18 09:31:13', '2014-02-18 10:32:21');

-- --------------------------------------------------------

--
-- テーブルの構造 `m材料属性`
--

CREATE TABLE IF NOT EXISTS `m材料属性` (
  `材料属性ID` int(11) NOT NULL AUTO_INCREMENT,
  `材料名称` varchar(100) DEFAULT NULL,
  `材料メーカー` int(11) DEFAULT NULL,
  `材質大分類` varchar(100) DEFAULT NULL,
  `材質` varchar(100) DEFAULT NULL,
  `耐寒` double DEFAULT NULL,
  `耐熱` double DEFAULT NULL,
  `難燃性` int(11) DEFAULT NULL,
  `備考` text,
  `削除フラグ` varchar(5) DEFAULT NULL,
  `作成ユーザー` int(11) DEFAULT NULL,
  `最終更新ユーザー` int(11) DEFAULT NULL,
  `作成日時` datetime NOT NULL,
  `最終更新日時` datetime NOT NULL,
  PRIMARY KEY (`材料属性ID`)
) ENGINE=InnoDB  DEFAULT CHARSET=utf8 AUTO_INCREMENT=33 ;

--
-- テーブルのデータのダンプ `m材料属性`
--

INSERT INTO `m材料属性` (`材料属性ID`, `材料名称`, `材料メーカー`, `材質大分類`, `材質`, `耐寒`, `耐熱`, `難燃性`, `備考`, `削除フラグ`, `作成ユーザー`, `最終更新ユーザー`, `作成日時`, `最終更新日時`) VALUES
(2, '{不明}', 9999, '2041', '1000', NULL, NULL, NULL, NULL, 'False', -1, -1, '2014-02-07 15:07:00', '2014-02-07 15:07:00'),
(17, 'YS-E', 3, '2', '1004', 0, 500, 2054, NULL, 'False', -1, 0, '2014-02-07 15:36:01', '2014-02-14 14:13:51'),
(18, 'YS-C', 3, '2', '1004', 0, 0, 2054, NULL, 'False', -1, 0, '2014-02-07 15:36:09', '2014-02-14 14:10:15'),
(19, 'YS-H', 3, '2', '1004', 0, 650, 2054, NULL, 'False', -1, 0, '2014-02-07 15:36:17', '2014-02-14 14:13:07'),
(20, 'YS-P（R）', 3, '5', '1001', 0, 700, 2054, NULL, 'False', -1, 0, '2014-02-07 15:36:23', '2014-02-14 14:14:10'),
(21, 'YS-P（R）M', 3, '5', '1001', 0, 0, 2054, NULL, 'False', -1, 6, '2014-02-07 15:36:30', '2014-02-18 10:36:03'),
(22, 'YS-PMM', 3, '4', '1005', 0, 0, 2054, NULL, 'False', -1, 0, '2014-02-07 15:36:33', '2014-02-14 14:11:39'),
(23, 'SGM', 3, '2', '1004', 0, 650, 2054, NULL, 'False', -1, 0, '2014-02-07 15:36:36', '2014-02-14 14:12:46'),
(24, 'RGM', 3, '5', '1001', 0, 700, 2054, NULL, 'False', -1, 0, '2014-02-07 15:36:42', '2014-02-14 14:12:53'),
(25, 'ソフトロンFR', 13, '1', '1002', 0, 80, 2056, NULL, 'False', -1, 0, '2014-02-07 15:36:45', '2014-02-14 14:45:27'),
(26, 'ソフトロンNF-FR(和紙粘着）', 13, '1', '1002', 0, 110, 2055, NULL, 'False', -1, 0, '2014-02-07 15:36:50', '2014-02-14 14:53:07'),
(27, 'YS-P', 3, '4', '1005', 0, 1260, 2054, NULL, 'False', -1, 0, '2014-02-07 16:01:26', '2014-02-14 14:14:23'),
(28, 'サンモルフィーVS120(白)', 24, '1', '2043', 0, 0, 2045, NULL, 'False', 6, -1, '2014-02-14 14:25:00', '2014-02-14 15:49:34'),
(29, 'GS8001（黒）', 38, '1', '2042', 0, 0, 2048, NULL, 'False', 6, 0, '2014-02-14 14:55:16', '2014-02-14 15:13:38'),
(30, 'イソフラックスペーパー', 9, '4', '1005', 0, 1260, 2054, 'ユニフラックス社製\r\n受注生産品', 'False', 0, 6, '2014-02-18 09:14:34', '2014-02-18 10:32:16'),
(31, 'イソウールペーパーS', 9, '4', '1005', 0, 1260, 2054, NULL, 'False', 0, 6, '2014-02-18 09:25:07', '2014-02-18 10:31:56'),
(32, 'インサルフラックスSペーパー', 9, '4', '1005', 0, 1100, 2054, 'ユニフラックス社製\r\n受注生産品', 'False', 0, 6, '2014-02-18 09:27:12', '2014-02-18 10:32:21');

-- --------------------------------------------------------

--
-- テーブルの構造 `m材料規格番号`
--

CREATE TABLE IF NOT EXISTS `m材料規格番号` (
  `材料規格ID` int(11) NOT NULL AUTO_INCREMENT,
  `ステータス` varchar(100) DEFAULT NULL,
  `得意先` int(11) DEFAULT NULL,
  `規格番号` varchar(100) DEFAULT NULL,
  `材料名` varchar(100) DEFAULT NULL,
  `No` varchar(100) DEFAULT NULL,
  `備考` text,
  `山恵フラグ` varchar(5) DEFAULT NULL,
  `仕入れ先` int(11) DEFAULT NULL,
  `材料メーカー` int(11) DEFAULT NULL,
  `材質` int(11) DEFAULT NULL,
  `M材料_材料ID` int(11) DEFAULT NULL,
  `削除フラグ` varchar(5) DEFAULT NULL,
  `作成ユーザー` int(11) DEFAULT NULL,
  `最終更新ユーザー` int(11) DEFAULT NULL,
  `作成日時` datetime NOT NULL,
  `最終更新日時` datetime NOT NULL,
  PRIMARY KEY (`材料規格ID`)
) ENGINE=InnoDB  DEFAULT CHARSET=utf8 AUTO_INCREMENT=65 ;

--
-- テーブルのデータのダンプ `m材料規格番号`
--

INSERT INTO `m材料規格番号` (`材料規格ID`, `ステータス`, `得意先`, `規格番号`, `材料名`, `No`, `備考`, `山恵フラグ`, `仕入れ先`, `材料メーカー`, `材質`, `M材料_材料ID`, `削除フラグ`, `作成ユーザー`, `最終更新ユーザー`, `作成日時`, `最終更新日時`) VALUES
(1, '承認済み', 2, 'CH1700', 'サンロイドバリア', '', NULL, 'FALSE', 9999, 38, 2001, 0, '0', 1, 1, '2014-01-29 17:34:40', '2014-01-29 17:34:40'),
(2, '承認済み', 2, 'MO-0100', '強化ガラス', '', NULL, 'FALSE', 9999, 9999, 2001, 0, '0', 1, 1, '2014-01-29 17:34:40', '2014-01-29 17:34:40'),
(3, '承認済み', 2, 'MO-0200', 'コルテックスコルクラバー＃２５', '', NULL, 'FALSE', 9999, 42, 2005, 0, '0', 1, 1, '2014-01-29 17:34:40', '2014-01-29 17:34:40'),
(4, '承認済み', 2, 'MO-0201', 'コルテックスコルクラバーG３４５', '', NULL, 'FALSE', 9999, 42, 2005, 0, '0', 1, 1, '2014-01-29 17:34:40', '2014-01-29 17:34:40'),
(5, '承認済み', 2, 'MO-0202', 'コルテックスコルクラバーG３３２', '', NULL, 'FALSE', 9999, 42, 2005, 0, '0', 1, 1, '2014-01-29 17:34:40', '2014-01-29 17:34:40'),
(6, '承認済み', 2, 'MO-0300', 'マロリー３', '', NULL, 'FALSE', 9999, 37, 2019, 0, '0', 1, 1, '2014-01-29 17:34:40', '2014-01-29 17:34:40'),
(7, '承認済み', 2, 'MO-0400', 'コンプリフォーム', '', NULL, 'FALSE', 9999, 45, 2001, 0, '0', 1, 1, '2014-01-29 17:34:40', '2014-01-29 17:34:40'),
(8, '承認済み', 2, 'MO-0600', 'ベリライトS', '', NULL, 'FALSE', 9999, 46, 2016, 0, '0', 1, 1, '2014-01-29 17:34:40', '2014-01-29 17:34:40'),
(9, '承認済み', 2, 'MO-0700', '防食用マグネシウム陽極', '', NULL, 'FALSE', 9999, 9999, 2001, 0, '0', 1, 1, '2014-01-29 17:34:40', '2014-01-29 17:34:40'),
(10, '承認済み', 2, 'MO-0800', 'CGM-HC-CMC', '', NULL, 'TRUE', 3, 3, 2008, 0, '0', 1, 1, '2014-01-29 17:34:40', '2014-01-29 17:34:40'),
(11, '承認済み', 2, 'MO-0801', 'CGM-T-Sコート', '', NULL, 'TRUE', 3, 3, 2008, 0, '0', 1, 1, '2014-01-29 17:34:40', '2014-01-29 17:34:40'),
(12, '承認済み', 2, 'MO-0802', 'NCM-PD', '', NULL, 'FALSE', 18, 19, 2008, 0, '0', 1, 1, '2014-01-29 17:34:40', '2014-01-29 17:34:40'),
(13, '承認済み', 2, 'MO-0803', 'YS-Cフェルト', NULL, NULL, 'True', 3, 3, 2003, 18, 'False', 1, 0, '2014-01-29 05:34:41', '2014-02-14 15:08:24'),
(14, '承認済み', 2, 'MO-0804', 'YS-P', NULL, NULL, 'True', 3, 3, 2009, 27, 'False', 1, 0, '2014-01-29 05:34:41', '2014-02-14 15:08:44'),
(15, '承認済み', 2, 'MO-0805', 'NPC-C', '', NULL, 'FALSE', 18, 19, 2009, 0, '0', 1, 1, '2014-01-29 17:34:41', '2014-01-29 17:34:41'),
(16, '承認済み', 2, 'MO-0806', 'GM-LC', '', NULL, 'FALSE', 18, 19, 2003, 0, '0', 1, 1, '2014-01-29 17:34:41', '2014-01-29 17:34:41'),
(17, '承認済み', 2, 'MO-0807', 'YS-PM', '', NULL, 'TRUE', 3, 3, 2009, 0, '0', 1, 1, '2014-01-29 17:34:41', '2014-01-29 17:34:41'),
(18, '承認済み', 2, 'MO-0808', 'YS-P（R）', 'No1', NULL, 'True', 3, 3, 2015, 20, 'False', 1, 0, '2014-01-29 05:34:41', '2014-02-14 15:09:45'),
(19, '承認済み', 2, 'MO-0809', 'YS-E-CMC', '', NULL, 'TRUE', 3, 3, 2003, 0, '0', 1, 1, '2014-01-29 17:34:41', '2014-01-29 17:34:41'),
(20, '承認済み', 2, 'MO-0810', 'YS-H', 'No1 粘着なし\r\nNo2 粘着', NULL, 'True', 3, 3, 2003, 19, 'False', 1, 0, '2014-01-29 05:34:41', '2014-02-14 15:11:14'),
(21, '承認済み', 2, 'MO-0811', 'RGM', 'No1', NULL, 'True', 3, 3, 2002, 24, 'False', 1, 0, '2014-01-29 05:34:41', '2014-02-14 15:11:22'),
(22, '承認済み', 2, 'MO-0812', 'マグロール　RR1240', '', NULL, 'FALSE', 20, 28, 2013, 0, '0', 1, 1, '2014-01-29 17:34:41', '2014-01-29 17:34:41'),
(23, '承認済み', 2, 'MO-0813', 'ボンデンエアフィルター290K', '', NULL, 'FALSE', 9999, 35, 2010, 0, '0', 1, 1, '2014-01-29 17:34:41', '2014-01-29 17:34:41'),
(24, '承認済み', 2, 'MO-0814', 'YS-W(RB)', 'No1', NULL, 'TRUE', 3, 3, 2014, 0, '0', 1, 1, '2014-01-29 17:34:41', '2014-01-29 17:34:41'),
(25, '承認済み', 2, 'MO-0815', 'SSG-3　白ガラス網組チューブ', '', NULL, 'TRUE', 4, 5, 2006, 0, '0', 1, 1, '2014-01-29 17:34:41', '2014-01-29 17:34:41'),
(26, '承認済み', 2, 'MO-0816', 'YS-E', 'No1 密度19\r\nNo2 密度30', NULL, 'True', 3, 3, 2003, 17, 'False', 1, 0, '2014-01-29 05:34:41', '2014-02-14 15:11:31'),
(27, '承認済み', 2, 'MO-0817', 'GW（グラスウール）', 'No1 CMC SA付\r\nNo2 CMC SAなし\r\nNo3 CMC無　SA付\r\nNo4 CMC無　SA無', NULL, 'TRUE', 6, 7, 2003, 0, '0', 1, 1, '2014-01-29 17:34:41', '2014-01-29 17:34:41'),
(28, '承認済み', 2, 'MO-0818', 'GW12-40', '', NULL, 'TRUE', 6, 7, 2003, 0, '0', 1, 1, '2014-01-29 17:34:41', '2014-01-29 17:34:41'),
(29, '承認済み', 2, 'MO-0819', 'YPF10-70', 'No1', NULL, 'TRUE', 3, 3, 2011, 0, '0', 1, 1, '2014-01-29 17:34:41', '2014-01-29 17:34:41'),
(30, '承認済み', 2, 'MO-0900', 'IG-SC', '', NULL, 'TRUE', 8, 8, 2018, 0, '0', 1, 1, '2014-01-29 17:34:41', '2014-01-29 17:34:41'),
(31, '承認済み', 2, 'MO-0901', 'IG-SA', '', NULL, 'TRUE', 8, 8, 2018, 0, '0', 1, 1, '2014-01-29 17:34:41', '2014-01-29 17:34:41'),
(32, '承認済み', 2, 'MO-0902', 'SGM-100', 'No1 CMC SA付\r\nNo2 CMC SAなし\r\nNo3 CMC無　SA付\r\nNo4 CMC無　SA無', NULL, 'True', 3, 3, 2003, 23, 'False', 1, 0, '2014-01-29 05:34:41', '2014-02-14 15:11:41'),
(33, '承認済み', 2, 'MO-1000', 'ペンギンソフトシールTP-300シリーズ', '', NULL, 'FALSE', 9999, 23, 2012, 0, '0', 1, 1, '2014-01-29 17:34:41', '2014-01-29 17:34:41'),
(34, '承認済み', 2, 'MO-1001', 'ソフトロンNF-FR \r\nDD1NDX　→　前管接続パッキンなどのスペシャルエディション', 'No1 粘着なし\r\nNo2 直粘着\r\nNo3 和紙粘着', NULL, 'True', 4, 12, 2017, 26, 'False', 1, 0, '2014-01-29 05:34:41', '2014-02-14 15:11:49'),
(35, '承認済み', 2, 'MO-1002', 'ハイパーシートガスケット（PTFE)', '', NULL, 'TRUE', 48, 17, 2004, 0, '0', 1, 1, '2014-01-29 17:34:41', '2014-01-29 17:34:41'),
(36, '承認済み', 2, 'MO-1003', 'TT-4102灰　シリコンスポンジ\r\n片面感圧性接着剤', 'No.1', NULL, 'TRUE', 40, 15, 2007, 0, '0', 1, 1, '2014-01-29 17:34:41', '2014-01-29 17:34:41'),
(37, '承認済み', 2, 'MO-1004', 'スリムエースON 30 03 K4（難燃）', 'No1', NULL, 'FALSE', 34, 34, 2020, 0, '0', 1, 1, '2014-01-29 17:34:41', '2014-01-29 17:34:41'),
(38, '承認済み', 2, 'MO-1005', 'ソフレックス', '', NULL, 'FALSE', 20, 27, 2001, 0, '0', 1, 1, '2014-01-29 17:34:41', '2014-01-29 17:34:41'),
(39, '承認済み', 2, 'MO-1006', 'ユーピロンシートN-7', '', NULL, 'TRUE', 4, 36, 2021, 0, '0', 1, 1, '2014-01-29 17:34:41', '2014-01-29 17:34:41'),
(40, '承認済み', 2, 'MO-1007', 'トーレペフFR-3', '', NULL, 'FALSE', 20, 41, 2022, 0, '0', 1, 1, '2014-01-29 17:34:41', '2014-01-29 17:34:41'),
(41, '承認済み', 2, 'MO-1008', 'サンロイドバリア', '', NULL, 'FALSE', 20, 38, 2023, 0, '0', 1, 1, '2014-01-29 17:34:41', '2014-01-29 17:34:41'),
(42, '承認済み', 2, 'MO-1009', 'エプトシーラEE-1010', '', NULL, 'FALSE', 20, 9999, 2024, 0, '0', 1, 1, '2014-01-29 17:34:41', '2014-01-29 17:34:41'),
(43, '承認済み', 2, 'MO-1011', 'ルミラーS　（PET　半透明）', 'No.1', NULL, 'TRUE', 4, 41, 2025, 0, '0', 1, 1, '2014-01-29 17:34:41', '2014-01-29 17:34:41'),
(44, '承認済み', 2, 'MO-1012', 'ソフトロンFR和紙粘着', 'No.1\r\n', NULL, 'True', 4, 13, 2026, 25, 'False', 1, 0, '2014-01-29 05:34:41', '2014-02-14 15:12:14'),
(45, '承認済み', 2, 'MO-1014', '信越シリコンスポンジ\r\nSR-SG　＋　日東N5302A専用', 'No.1', NULL, 'TRUE', 3, 14, 2007, 0, '0', 1, 1, '2014-01-29 17:34:41', '2014-01-29 17:34:41'),
(46, '承認済み', 2, 'MO-1019', 'サンモルフィーVS120(ナチュラル）520（黒）', NULL, NULL, 'True', 4, 24, 2028, 28, 'False', 1, 0, '2014-01-29 05:34:41', '2014-02-14 15:12:25'),
(47, '承認済み', 2, 'MO-1020', 'エプト686', '', NULL, 'TRUE', 4, 44, 2029, 0, '0', 1, 1, '2014-01-29 17:34:41', '2014-01-29 17:34:41'),
(48, '承認済み', 2, 'MO-1024', 'ダイワボウプログレス製　不織布付　EPT#125', 'No.1', NULL, 'TRUE', 4, 16, 2030, 0, '0', 1, 1, '2014-01-29 17:34:41', '2014-01-29 17:34:41'),
(49, '承認済み', 2, 'MO-1027', 'サンロイドエコポリカVシリーズ　t0.41 難燃性V-0相当\r\n(対抗：GS8001,サンモルフィーVS120)', 'No.1 ナチュラル\r\nNo.2 黒\r\n', NULL, 'False', 9999, 9999, 2001, 2, 'False', 1, 0, '2014-01-29 05:34:41', '2014-02-12 17:21:34'),
(50, '承認済み', 2, 'MO-1030', 'サンロイドエコシートポリカ', 'No.1　ハーフクリア？\r\nNo.2　クロ？', NULL, 'False', 4, 38, 2001, 2, 'False', 1, 0, '2014-01-29 05:34:41', '2014-02-12 17:18:58'),
(51, '承認済み', 2, 'MO-1031', 'ハマガスフォーム', '', NULL, 'TRUE', 10, 10, 2031, 0, '0', 1, 1, '2014-01-29 17:34:41', '2014-01-29 17:34:41'),
(52, '承認済み', 2, 'MO-1100', 'ニッペパワートップμエクセル100ブラック塗装', '', NULL, 'FALSE', 9999, 47, 2032, 0, '0', 1, 1, '2014-01-29 17:34:41', '2014-01-29 17:34:41'),
(53, '承認済み', 2, 'MO-1200', 'コーロック　０６５シリーズ', '', NULL, 'FALSE', 9999, 31, 2033, 0, '0', 1, 1, '2014-01-29 17:34:41', '2014-01-29 17:34:41'),
(54, '承認済み', 2, 'MO-1201', 'マジクロンHB GQホワイト', '', NULL, 'FALSE', 9999, 33, 2033, 0, '0', 1, 1, '2014-01-29 17:34:41', '2014-01-29 17:34:41'),
(55, '承認済み', 2, 'MO-1300', 'オキツモ　ND-250', '', NULL, 'FALSE', 9999, 21, 2034, 0, '0', 1, 1, '2014-01-29 17:34:41', '2014-01-29 17:34:41'),
(56, '承認済み', 2, 'MO-1400', 'イノパックスPシリーズ　GQホワイト', '', NULL, 'FALSE', 9999, 39, 2035, 0, '0', 1, 1, '2014-01-29 17:34:41', '2014-01-29 17:34:41'),
(57, '承認済み', 2, 'MO-1401', '紛体塗料', '', NULL, 'FALSE', 9999, 30, 2035, 0, '0', 1, 1, '2014-01-29 17:34:41', '2014-01-29 17:34:41'),
(58, '承認済み', 2, 'MO-1501', 'スーパーキャスト', '', NULL, 'FALSE', 9999, 29, 2036, 0, '0', 1, 1, '2014-01-29 17:34:41', '2014-01-29 17:34:41'),
(59, '承認済み', 2, 'MO-1502', 'ユポ＃８０', '', NULL, 'FALSE', 9999, 32, 2037, 0, '0', 1, 1, '2014-01-29 17:34:41', '2014-01-29 17:34:41'),
(60, '承認済み', 2, 'MO-1601', 'ノルシール　V-750', '', NULL, 'TRUE', 4, 11, 2038, 0, '0', 1, 1, '2014-01-29 17:34:41', '2014-01-29 17:34:41'),
(61, '承認済み', 2, 'MR-0701', 'ルミラーZV21', '', NULL, 'TRUE', 4, 41, 2039, 0, '0', 1, 1, '2014-01-29 17:34:41', '2014-01-29 17:34:41'),
(62, '承認済み', 2, 'MR-2003', 'GS8001(スミライト）', 'No.1', NULL, 'True', 4, 26, 2040, 28, 'False', 1, 0, '2014-01-29 05:34:41', '2014-02-14 15:12:39'),
(63, '承認済み', 2, 'MR-2501', 'ルミラーZV10', '', NULL, 'TRUE', 4, 41, 2039, 0, '0', 1, 1, '2014-01-29 17:34:41', '2014-01-29 17:34:41'),
(64, '承認済み', 2, 'MO-1014', 'SR-SG', NULL, NULL, 'True', 3, 3, 2027, 0, 'False', 0, 0, '2014-01-29 17:35:32', '2014-01-29 17:35:32');

-- --------------------------------------------------------

--
-- テーブルの構造 `t単価`
--

CREATE TABLE IF NOT EXISTS `t単価` (
  `単価ID` int(11) NOT NULL AUTO_INCREMENT,
  `売単価` double DEFAULT NULL,
  `利益率` double DEFAULT NULL,
  `部品コード` varchar(100) DEFAULT NULL,
  `部品名称` varchar(100) DEFAULT NULL,
  `材料ID` int(11) DEFAULT NULL,
  `材料名称` varchar(100) DEFAULT NULL,
  `材質大分類` varchar(100) DEFAULT NULL,
  `材質` varchar(100) DEFAULT NULL,
  `定尺寸法縦_original` double DEFAULT NULL,
  `定尺寸法横_original` double DEFAULT NULL,
  `定尺仕入金額_original` double DEFAULT NULL,
  `定尺寸法縦` double DEFAULT NULL,
  `定尺寸法横` double DEFAULT NULL,
  `厚み` double DEFAULT NULL,
  `定尺仕入金額` double DEFAULT NULL,
  `定尺仕入自動計算フラグ` varchar(5) DEFAULT NULL,
  `定尺売り金額` double DEFAULT NULL,
  `時間単価` double DEFAULT NULL,
  `分単価` double DEFAULT NULL,
  `秒単価` double DEFAULT NULL,
  `m2あたりの材料費` double DEFAULT NULL,
  `m2あたりの取数たて` double DEFAULT NULL,
  `m2あたりの取数よこ` double DEFAULT NULL,
  `m2あたりの取数` double DEFAULT NULL,
  `仕入れ単価` double DEFAULT NULL,
  `商品たて` double DEFAULT NULL,
  `商品よこ` double DEFAULT NULL,
  `たてしろ` double DEFAULT NULL,
  `よこしろ` double DEFAULT NULL,
  `取り数` double DEFAULT NULL,
  `見積_材料費` double DEFAULT NULL,
  `見積_裁断` double DEFAULT NULL,
  `見積_打抜` double DEFAULT NULL,
  `見積_貼り` double DEFAULT NULL,
  `見積_曲げ` double DEFAULT NULL,
  `見積_仕上げ` double DEFAULT NULL,
  `見積_ロス管理` double DEFAULT NULL,
  `見積_材料費比` double DEFAULT NULL,
  `見積_加工費小計` double DEFAULT NULL,
  `見積_加工費比` double DEFAULT NULL,
  `見積_単価` double DEFAULT NULL,
  `見積_m2あたり材料費` double DEFAULT NULL,
  `たて_しろあり` double DEFAULT NULL,
  `よこ_しろあり` double DEFAULT NULL,
  `縦取り数` double DEFAULT NULL,
  `横取り数` double DEFAULT NULL,
  `たて余` double DEFAULT NULL,
  `よこ余` double DEFAULT NULL,
  `計算_取り数` double DEFAULT NULL,
  `計算_材料費T` double DEFAULT NULL,
  `計算_材料費` double DEFAULT NULL,
  `計算_裁断` double DEFAULT NULL,
  `計算_打抜` double DEFAULT NULL,
  `計算_貼り` double DEFAULT NULL,
  `計算_曲げ` double DEFAULT NULL,
  `計算_仕上げ` double DEFAULT NULL,
  `計算_ロス管理` double DEFAULT NULL,
  `計算_材料費比` double DEFAULT NULL,
  `計算_加工費小計` double DEFAULT NULL,
  `計算_加工費比` double DEFAULT NULL,
  `計算_単価` double DEFAULT NULL,
  `定尺裁断_数` int(11) DEFAULT NULL,
  `定尺裁断_所要時間` int(11) DEFAULT NULL,
  `定尺裁断_割数` int(11) DEFAULT NULL,
  `寸法カット_数` int(11) DEFAULT NULL,
  `寸法カット_所要時間` int(11) DEFAULT NULL,
  `寸法カット_割数` int(11) DEFAULT NULL,
  `打抜_型取数` int(11) DEFAULT NULL,
  `打抜_プレス回数` int(11) DEFAULT NULL,
  `曲げ_数` int(11) DEFAULT NULL,
  `曲げ_秒数` int(11) DEFAULT NULL,
  `曲げ_同時加工` int(11) DEFAULT NULL,
  `仕上げ_数` int(11) DEFAULT NULL,
  `仕上げ_秒数` int(11) DEFAULT NULL,
  `仕上げ_同時加工` int(11) DEFAULT NULL,
  `ロス管理_材比` double DEFAULT NULL,
  `ロス管理_加工比` double DEFAULT NULL,
  `定尺裁断_時間` double DEFAULT NULL,
  `定尺裁断_作業費` double DEFAULT NULL,
  `定尺裁断_単価当り` double DEFAULT NULL,
  `寸法カット_時間` double DEFAULT NULL,
  `寸法カット_作業費` double DEFAULT NULL,
  `寸法カット_単価当り` double DEFAULT NULL,
  `打抜_時間当たりの加工数` double DEFAULT NULL,
  `打抜_単価当り` double DEFAULT NULL,
  `曲げ_時間` double DEFAULT NULL,
  `曲げ_作業費` double DEFAULT NULL,
  `曲げ_単価当り` double DEFAULT NULL,
  `仕上げ_時間` double DEFAULT NULL,
  `仕上げ_作業費` double DEFAULT NULL,
  `仕上げ_単価当り` double DEFAULT NULL,
  `ロス管理_材_費用` double DEFAULT NULL,
  `ロス管理_加工_費用` double DEFAULT NULL,
  `見積_定尺裁断費比` double DEFAULT NULL,
  `計算_定尺裁断費比` double DEFAULT NULL,
  `計算_寸法カット費比` double DEFAULT NULL,
  `見積_打抜費比` double DEFAULT NULL,
  `計算_打抜費比` double DEFAULT NULL,
  `見積_貼り費比` double DEFAULT NULL,
  `計算_貼り費比` double DEFAULT NULL,
  `見積_曲げ費比` double DEFAULT NULL,
  `計算_曲げ費比` double DEFAULT NULL,
  `見積_仕上げ費比` double DEFAULT NULL,
  `計算_仕上げ費比` double DEFAULT NULL,
  `見積_ロス管理費比` double DEFAULT NULL,
  `計算_ロス管理費比` double DEFAULT NULL,
  `ロット` int(11) DEFAULT NULL,
  `丸め数` int(11) DEFAULT NULL,
  `商品重量` double DEFAULT NULL,
  `図面ファイル` varchar(100) DEFAULT NULL,
  `備考` text,
  `削除フラグ` varchar(5) DEFAULT NULL,
  `作成ユーザー` int(11) DEFAULT NULL,
  `最終更新ユーザー` int(11) DEFAULT NULL,
  `作成日時` datetime NOT NULL,
  `最終更新日時` datetime NOT NULL,
  PRIMARY KEY (`単価ID`)
) ENGINE=InnoDB  DEFAULT CHARSET=utf8 AUTO_INCREMENT=18 ;

--
-- テーブルのデータのダンプ `t単価`
--

INSERT INTO `t単価` (`単価ID`, `売単価`, `利益率`, `部品コード`, `部品名称`, `材料ID`, `材料名称`, `材質大分類`, `材質`, `定尺寸法縦_original`, `定尺寸法横_original`, `定尺仕入金額_original`, `定尺寸法縦`, `定尺寸法横`, `厚み`, `定尺仕入金額`, `定尺仕入自動計算フラグ`, `定尺売り金額`, `時間単価`, `分単価`, `秒単価`, `m2あたりの材料費`, `m2あたりの取数たて`, `m2あたりの取数よこ`, `m2あたりの取数`, `仕入れ単価`, `商品たて`, `商品よこ`, `たてしろ`, `よこしろ`, `取り数`, `見積_材料費`, `見積_裁断`, `見積_打抜`, `見積_貼り`, `見積_曲げ`, `見積_仕上げ`, `見積_ロス管理`, `見積_材料費比`, `見積_加工費小計`, `見積_加工費比`, `見積_単価`, `見積_m2あたり材料費`, `たて_しろあり`, `よこ_しろあり`, `縦取り数`, `横取り数`, `たて余`, `よこ余`, `計算_取り数`, `計算_材料費T`, `計算_材料費`, `計算_裁断`, `計算_打抜`, `計算_貼り`, `計算_曲げ`, `計算_仕上げ`, `計算_ロス管理`, `計算_材料費比`, `計算_加工費小計`, `計算_加工費比`, `計算_単価`, `定尺裁断_数`, `定尺裁断_所要時間`, `定尺裁断_割数`, `寸法カット_数`, `寸法カット_所要時間`, `寸法カット_割数`, `打抜_型取数`, `打抜_プレス回数`, `曲げ_数`, `曲げ_秒数`, `曲げ_同時加工`, `仕上げ_数`, `仕上げ_秒数`, `仕上げ_同時加工`, `ロス管理_材比`, `ロス管理_加工比`, `定尺裁断_時間`, `定尺裁断_作業費`, `定尺裁断_単価当り`, `寸法カット_時間`, `寸法カット_作業費`, `寸法カット_単価当り`, `打抜_時間当たりの加工数`, `打抜_単価当り`, `曲げ_時間`, `曲げ_作業費`, `曲げ_単価当り`, `仕上げ_時間`, `仕上げ_作業費`, `仕上げ_単価当り`, `ロス管理_材_費用`, `ロス管理_加工_費用`, `見積_定尺裁断費比`, `計算_定尺裁断費比`, `計算_寸法カット費比`, `見積_打抜費比`, `計算_打抜費比`, `見積_貼り費比`, `計算_貼り費比`, `見積_曲げ費比`, `計算_曲げ費比`, `見積_仕上げ費比`, `計算_仕上げ費比`, `見積_ロス管理費比`, `計算_ロス管理費比`, `ロット`, `丸め数`, `商品重量`, `図面ファイル`, `備考`, `削除フラグ`, `作成ユーザー`, `最終更新ユーザー`, `作成日時`, `最終更新日時`) VALUES
(1, 3.6, 12.5, 'EXDL013', '前管接続パッキン下　EXD', 23, 'ソフトロンNF-FR(和紙粘着）', '樹脂', 'PE', 1320, 710, 558, 710, 1320, 3, 558, 'False', 0, 4000, 66.67, 1.11, 595.39, 2.92, 100, 292, 3.2, 342, 9, 1, 1, 220, 1.14, 0, 1, 0, 0, 0.7, 0.36, 0.36, 1.7, 0.53, 3.2, 370.37, 343, 10, 2.07, 132, 24, 0, 264, 2.11, 2.53, 0, 1, 0, 0, 0.28, 0.19, 63.25, 1.28, 32, 4, 0, 0, 0, 0, 0, 0, 20, 200, 0, 0, 0, 1, 1, 4, 5, 5, 0, 0, 0, 0, 0, 0, 4000, 1, 0, 0, 0, 1, 1.11, 0.28, 0.13, 0.06, NULL, 0, 0, NULL, 25, NULL, 0, NULL, 0, NULL, 7, NULL, 4.75, 0, 0, 0, NULL, 'EXDL014との合わせ型\r\nvs日昌', 'False', 6, 6, '2014-02-04 10:13:43', '2014-02-18 14:16:41'),
(2, 20.6, 10.16, 'EXDL012', '前管接続パッキン　EXD(取り数優先)', 24, 'ソフトロンNF-FR(和紙粘着）', '樹脂', 'PE', 1320, 1000, 613, 1000, 1320, 3, 613, 'False', 0, 4000, 66.67, 1.11, 464.39, 3.04, 10.2, 31, 18.7, 328, 97, 1, 1, 55, 10.25, 0, 3, 0, 0, 4.2, 1.25, 0.55, 7.2, 0.39, 18.7, 322.16, 329, 98, 3.04, 13.47, 13, 46, 39, 15.72, 11.14, 0, 4, 0, 0, 6.66, 1.09, 48.67, 10.66, 46.57, 22.89, 0, 0, 0, 0, 0, 0, 5, 200, 0, 0, 0, 6, 1, 1, 5, 5, 0, 0, 0, 0, 0, 0, 1000, 4, 0, 0, 0, 6, 6.66, 6.66, 0.56, 0.53, NULL, 0, 0, NULL, 17.47, NULL, 0, NULL, 0, NULL, 29.1, NULL, 4.76, 0, 0, 0, NULL, 'vs日昌', 'False', -1, 6, '2014-02-04 14:31:21', '2014-02-18 14:32:39'),
(3, 4.1, 10.81, 'EXDL014', '前管接続パッキン中　EXD', 25, 'ソフトロンNF-FR(和紙粘着）', '樹脂', 'PE', 600, 1000, 280, 600, 1000, 3, 280, 'False', 0, 4000, 66.67, 1.11, 466.67, 28.57, 11.36, 324, 3.7, 34, 87, 1, 1, 250, 1.42, 0, 1, 0, 0, 1, 0.28, 0.38, 2, 0.54, 3.7, 480.05, 35, 88, 17.14, 11.36, 5, 32, 187, 1.5, 1.12, 0, 0.8, 0, 0, 0.56, 0.13, 42.91, 1.36, 52.11, 2.61, 0, 0, 0, 0, 0, 0, 25, 200, 0, 0, 0, 2, 1, 4, 5, 5, 0, 0, 0, 0, 0, 0, 5000, 0.8, 0, 0, 0, 2, 2.22, 0.56, 0.06, 0.07, NULL, 0, 0, NULL, 30.65, NULL, 0, NULL, 0, NULL, 21.46, NULL, 4.98, 0, 0, 0, NULL, 'EXDL013との合わせ型\r\nvs日昌', 'False', -1, 6, '2014-02-04 14:36:58', '2014-02-18 14:32:49'),
(4, 40.9, 9.95, 'EXDL012', '前管接続パッキン　EXD', 23, 'ソフトロンNF-FR(和紙粘着）', '樹脂', 'PE', 1320, 710, 558, 710, 1320, 3, 558, 'False', 0, 4000, 66.67, 1.11, 595.39, 3.04, 10.2, 31, 37.2, 328, 97, 1, 1, 24, 23.25, 0, 7, 0, 0, 4.5, 2.45, 0.63, 11.5, 0.31, 37.2, 730.76, 329, 98, 2.16, 13.47, 52, 46, 26, 21.46, 23.25, 0, 4, 0, 0, 6.66, 1.69, 65.31, 10.66, 29.94, 35.6, 0, 0, 0, 0, 0, 0, 5, 200, 0, 0, 0, 6, 1, 1, 5, 5, 0, 0, 0, 0, 0, 0, 1000, 4, 0, 0, 0, 6, 6.66, 6.66, 1.16, 0.53, NULL, 0, 0, NULL, 11.24, NULL, 0, NULL, 0, NULL, 18.71, NULL, 4.75, 0, 0, 0, NULL, 'vs日昌', 'False', -1, 6, '2014-02-04 14:39:17', '2014-02-18 14:32:57'),
(5, 128.8, 16.04, 'EXDL009', '２次熱交接続パッキン　ＥＸＤ', 3, 'YS-P', 'セラミック', 'セラミック', 1000, 1000, 2850, 1100, 1000, 5, 3135, 'True', 3560, 4000, 66.67, 1.11, 2850, 2.94, 10.42, 30, 111, 330.4, 86, 10, 10, 30, 94, 0, 10, 0, 0, 4.16, 2.84, 0.85, 14.16, 0.13, 111, 3308.18, 340.4, 96, 3.23, 10.42, 78.8, 40, 30, 104.5, 104.5, 0, 10, 0, 0, 2.77, 5.86, 84.87, 12.77, 10.37, 123.13, 0, 0, 0, 0, 0, 0, 2, 200, 0, 0, 0, 10, 1, 4, 5, 5, 0, 0, 0, 0, 0, 0, 400, 10, 0, 0, 0, 10, 11.1, 2.77, 4.75, 0.64, NULL, 0, 0, NULL, 8.84, NULL, 0, NULL, 0, NULL, 2.45, NULL, 4.76, 0, 0, 0, NULL, NULL, 'False', 6, 6, '2014-02-04 15:20:28', '2014-02-18 14:33:20'),
(6, 85.9, 16.08, 'EXDL007', '給気接続パッキン　ＥＸＤ', 8, 'YS-H', 'ガラス', 'ガラス', 1000, 1000, 675, 1100, 1000, 3, 742.5, 'True', 850, 4000, 66.67, 1.11, 675, 2.9, 5.31, 15, 74, 334.4, 178.2, 10, 10, 15, 57, 0, 10, 0, 0, 4.16, 2.84, 0.77, 14.16, 0.19, 74, 956.54, 344.4, 188.2, 3.19, 5.31, 66.8, 59, 15, 49.5, 49.5, 0, 10, 0, 0, 4.16, 3.19, 74.05, 14.16, 21.18, 66.85, 0, 0, 0, 0, 0, 0, 2, 200, 0, 0, 0, 15, 1, 4, 5, 5, 0, 0, 0, 0, 0, 0, 400, 10, 0, 0, 0, 15, 16.65, 4.16, 2.25, 0.71, NULL, 0, 0, NULL, 16.1, NULL, 0, NULL, 0, NULL, 6.7, NULL, 4.76, 0, 0, 0, NULL, NULL, 'False', 0, 6, '2014-02-04 16:37:39', '2014-02-18 14:33:28'),
(15, 17, 13.33, 'EHKJ615', 'アダプタ防滴カバー　EHK', 0, NULL, NULL, NULL, NULL, NULL, NULL, 1000, 1000, 0.3, 780, 'False', 0, 4000, 66.67, 1.11, 780, 8.26, 10.87, 89, 15, 120, 91, 1, 1, 80, 9.75, 0, 5, 0, 0, 0, 0.25, 0.65, 5, 0.33, 15, 892.86, 121, 92, 8.26, 10.87, 32, 80, 80, 9.75, 9.75, 0, 5, 0, 0, 0.44, 0.76, 61.13, 5.44, 34.11, 15.95, 0, 0, 0, 0, 0, 0, 4, 200, 0, 0, 0, 2, 1, 5, 5, 5, 0, 0, 0, 0, 0, 0, 800, 5, 0, 0, 0, 2, 2.22, 0.44, 0.49, 0.27, NULL, 0, 0, NULL, 31.35, NULL, 0, NULL, 0, NULL, 2.76, NULL, 4.76, 0, 0, 0, NULL, '10,000個/年	14.5→18.6\r\n50,000個/年	14→18.2\r\n100,000個/年	13.50→17.90\r\n', 'False', 0, 6, '2014-02-07 17:18:08', '2014-02-18 14:33:56'),
(16, 27.4, 16.1, 'EVTA011', '電源コードカバー　ＥＶＴ', 38, 'GS8001（黒）', '樹脂', 'PPE変形', 1000, 100000, 50400, 1000, 100000, 0.3, 50400, 'False', 0, 4000, 66.67, 1.11, 504, 11.63, 12.5, 145, 23.6, 84, 78, 2, 2, 13476, 3.74, 0.31, 4, 0, 13, 1, 1.55, 0.16, 18.31, 0.78, 23.6, 570.82, 86, 80, 11.63, 1250, 54, 0, 13750, 3.67, 3.73, 0, 3.33, 0, 8.88, 1.11, 0.86, 20.83, 13.32, 74.37, 17.91, 100, 30, 13476, 0, 0, 0, 6, 200, 8, 2, 2, 1, 1, 1, 5, 5, 3000, 3330, 0.25, 0, 0, 0, 1200, 3.33, 16, 17.76, 8.88, 1, 1.11, 1.11, 0.19, 0.67, NULL, 1.4, 0, NULL, 18.59, NULL, 0, NULL, 49.58, NULL, 6.2, NULL, 4.8, 0, 0, 0, NULL, NULL, 'False', 6, 6, '2014-02-10 16:53:31', '2014-02-18 14:34:31'),
(17, 27.4, 16.1, 'EVTA011', '電源コードカバー　ＥＶＴ', 31, 'サンモルフィーVS120(白)', '樹脂', 'PC', 600, 200000, 83460, 600, 200000, 0.3, 83460, 'False', 0, 4000, 66.67, 1.11, 695.5, 11.63, 12.66, 147, 23.6, 84, 77, 2, 2, 15729, 5.31, 0, 3, 0, 13, 1, 1.29, 0.22, 17, 0.72, 23.6, 820.96, 86, 79, 6.98, 2531.65, 84, 51, 15186, 5.5, 5.3, 0, 2.86, 0, 8.88, 1.11, 0.91, 27.81, 12.85, 67.42, 19.06, 100, 0, 0, 0, 0, 0, 7, 200, 8, 1, 1, 1, 0, 0, 5, 5, 0, 0, 0, 0, 0, 0, 1400, 2.86, 8, 8.88, 8.88, 0, 0, 0, 0.27, 0.64, NULL, 0, 0, NULL, 15.01, NULL, 0, NULL, 46.59, NULL, 5.82, NULL, 4.77, 0, 0, 0, NULL, NULL, 'False', 6, 6, '2014-02-10 16:54:05', '2014-02-18 11:52:53');

-- --------------------------------------------------------

--
-- テーブルの構造 `t量産指令`
--

CREATE TABLE IF NOT EXISTS `t量産指令` (
  `発効日` datetime NOT NULL,
  `機種名` varchar(100) NOT NULL,
  `指令No` varchar(100) NOT NULL,
  `部品コード` varchar(100) NOT NULL,
  `指令部品` varchar(1000) NOT NULL,
  `台数当たりの使用数` int(11) NOT NULL,
  `月間企画台数` int(11) NOT NULL,
  `ステータス` varchar(100) DEFAULT NULL,
  `試打検査予定日` datetime DEFAULT NULL,
  `試打検査数量` int(11) DEFAULT NULL,
  `試打検査注文日` datetime DEFAULT NULL,
  `試打検査納品日` datetime DEFAULT NULL,
  `試打検査確認日` datetime DEFAULT NULL,
  `型費請求書提出日` datetime DEFAULT NULL,
  `試打組立用予定日` datetime DEFAULT NULL,
  `試打組立用数量` int(11) DEFAULT NULL,
  `試打組立用注文日` datetime DEFAULT NULL,
  `試打組立用納品日` datetime DEFAULT NULL,
  `試打組立予定日` datetime DEFAULT NULL,
  `量試予定日` datetime DEFAULT NULL,
  `量産開始予定日` datetime DEFAULT NULL,
  `担当者` int(11) DEFAULT NULL,
  `削除フラグ` varchar(5) DEFAULT NULL,
  `作成ユーザー` int(11) DEFAULT NULL,
  `最終更新ユーザー` int(11) DEFAULT NULL,
  `作成日時` datetime NOT NULL,
  `最終更新日時` datetime NOT NULL,
  PRIMARY KEY (`指令No`)
) ENGINE=InnoDB DEFAULT CHARSET=utf8;

/*!40101 SET CHARACTER_SET_CLIENT=@OLD_CHARACTER_SET_CLIENT */;
/*!40101 SET CHARACTER_SET_RESULTS=@OLD_CHARACTER_SET_RESULTS */;
/*!40101 SET COLLATION_CONNECTION=@OLD_COLLATION_CONNECTION */;
